"mapper_osm_username","actual_work_date","changesets_count","total_changes"
"AUSTINE OCHIENG","2026-01-07","1","5605"
"BenMutua","2026-01-07","1","4911"
"bill njiru","2026-01-07","8","1674"
"catherinewanjira","2026-01-07","4","1843"
"DENNIS MUSAU","2026-01-07","4","2294"
"DIANA KASYULA","2026-01-07","1","0"
"Festus Kaluki","2026-01-07","3","1152"
"Jeremiah james","2026-01-07","2","1348"
"JOEL KIHURIA","2026-01-07","2","1154"
"JOOH JR","2026-01-07","1","1822"
"joyce56","2026-01-07","1","1446"
"KamauNgigi","2026-01-07","26","2886"
"kamauwaithera","2026-01-07","6","1942"
"Kelvin Kinyatta","2026-01-07","1","1910"
"Kelvin Mulela","2026-01-07","10","1078"
"liliannaliaka","2026-01-07","1","1399"
"LYNNKARANJA","2026-01-07","1","2264"
"martingitau","2026-01-07","4","3236"
"mutuku254","2026-01-07","2","1193"
"njugunamurihia","2026-01-07","3","1614"
"Oketch ochieng","2026-01-07","2","4808"
"Richardmuchina","2026-01-07","1","2108"
"ritah22","2026-01-07","1","1755"
"samuelmutie20","2026-01-07","4","1246"
"SomoDuba","2026-01-07","7","1697"
"Sophie Gesare","2026-01-07","8","1302"
"Wanjiruwaithira","2026-01-07","1","2117"
"AUSTINE OCHIENG","2026-01-08","1","3904"
"BenMutua","2026-01-08","1","4947"
"bill njiru","2026-01-08","2","1563"
"catherinewanjira","2026-01-08","2","1300"
"DENNIS MUSAU","2026-01-08","4","2454"
"Festus Kaluki","2026-01-08","3","1184"
"Jeremiah james","2026-01-08","3","1151"
"JOEL KIHURIA","2026-01-08","2","1343"
"JOOH JR","2026-01-08","2","1826"
"joyce56","2026-01-08","1","1467"
"KamauNgigi","2026-01-08","24","3174"
"kamauwaithera","2026-01-08","2","1669"
"Kelvin Kinyatta","2026-01-08","2","1359"
"Kelvin Mulela","2026-01-08","7","1331"
"liliannaliaka","2026-01-08","1","1453"
"LYNNKARANJA","2026-01-08","1","3771"
"martingitau","2026-01-08","2","2724"
"mutuku254","2026-01-08","1","1149"
"njugunamurihia","2026-01-08","2","1529"
"Oketch ochieng","2026-01-08","4","11516"
"Richardmuchina","2026-01-08","4","1492"
"ritah22","2026-01-08","1","1121"
"samuelmutie20","2026-01-08","2","1510"
"SomoDuba","2026-01-08","3","1287"
"Sophie Gesare","2026-01-08","2","1281"
"stephennjuguna","2026-01-08","9","1303"
"Wanjiruwaithira","2026-01-08","1","2414"
"bill njiru","2026-01-09","1","601"
"catherinewanjira","2026-01-09","9","1186"
"DENNIS MUSAU","2026-01-09","38","2728"
"DIANA KASYULA","2026-01-09","1","95"
"Festus Kaluki","2026-01-09","3","1086"
"Jeremiah james","2026-01-09","5","1118"
"Joekaranja","2026-01-09","4","2809"
"JOEL KIHURIA","2026-01-09","10","1158"
"JOOH JR","2026-01-09","25","1426"
"joyce56","2026-01-09","16","1246"
"KamauNgigi","2026-01-09","28","2466"
"kamauwaithera","2026-01-09","8","1394"
"Kelvin Kinyatta","2026-01-09","7","1156"
"Kelvin Mulela","2026-01-09","3","1311"
"liliannaliaka","2026-01-09","3","0"
"LYNNKARANJA","2026-01-09","2","0"
"martingitau","2026-01-09","8","2552"
"mutuku254","2026-01-09","18","1200"
"njugunamurihia","2026-01-09","15","1701"
"Oketch ochieng","2026-01-09","2","0"
"Richardmuchina","2026-01-09","14","1681"
"ritah22","2026-01-09","13","1083"
"samuelmutie20","2026-01-09","12","1367"
"SomoDuba","2026-01-09","7","1185"
"Sophie Gesare","2026-01-09","5","1269"
"stephennjuguna","2026-01-09","16","1666"
"Wanjiruwaithira","2026-01-09","7","1871"
"LYNNKARANJA","2026-01-11","1","3973"
"AUSTINE OCHIENG","2026-01-12","3","1451"
"bill njiru","2026-01-12","5","1720"
"catherinewanjira","2026-01-12","7","1235"
"DENNIS MUSAU","2026-01-12","10","3018"
"DIANA KASYULA","2026-01-12","8","1110"
"Festus Kaluki","2026-01-12","4","1258"
"Jeremiah james","2026-01-12","5","1243"
"JOEL KIHURIA","2026-01-12","5","1466"
"JOOH JR","2026-01-12","4","1369"
"joyce56","2026-01-12","7","1299"
"KamauNgigi","2026-01-12","22","2982"
"kamauwaithera","2026-01-12","6","1431"
"Kelvin Kinyatta","2026-01-12","3","1320"
"Kelvin Mulela","2026-01-12","6","1534"
"liliannaliaka","2026-01-12","3","2105"
"LYNNKARANJA","2026-01-12","1","1916"
"martingitau","2026-01-12","8","3288"
"mutuku254","2026-01-12","4","1231"
"njugunamurihia","2026-01-12","6","1255"
"Oketch ochieng","2026-01-12","8","18596"
"Richardmuchina","2026-01-12","6","1317"
"ritah22","2026-01-12","4","1198"
"samuelmutie20","2026-01-12","9","1630"
"SomoDuba","2026-01-12","4","1354"
"Sophie Gesare","2026-01-12","5","1301"
"stephennjuguna","2026-01-12","19","1617"
"Wanjiruwaithira","2026-01-12","3","1349"
"AUSTINE OCHIENG","2026-01-13","1","1888"
"bill njiru","2026-01-13","3","1534"
"catherinewanjira","2026-01-13","1","27"
"DENNIS MUSAU","2026-01-13","8","2762"
"DIANA KASYULA","2026-01-13","6","956"
"Festus Kaluki","2026-01-13","3","717"
"Jeremiah james","2026-01-13","7","1461"
"JOEL KIHURIA","2026-01-13","6","1494"
"JOOH JR","2026-01-13","3","1434"
"joyce56","2026-01-13","5","1572"
"KamauNgigi","2026-01-13","2","338"
"kamauwaithera","2026-01-13","2","124"
"Kelvin Kinyatta","2026-01-13","6","1576"
"Kelvin Mulela","2026-01-13","2","1309"
"liliannaliaka","2026-01-13","1","2294"
"LYNNKARANJA","2026-01-13","3","1723"
"martingitau","2026-01-13","4","34"
"mutuku254","2026-01-13","4","1221"
"njugunamurihia","2026-01-13","6","2344"
"Oketch ochieng","2026-01-13","2","3098"
"ritah22","2026-01-13","4","1201"
"samuelmutie20","2026-01-13","6","1520"
"SomoDuba","2026-01-13","7","1856"
"Sophie Gesare","2026-01-13","3","1241"
"Wanjiruwaithira","2026-01-13","5","2161"
"AUSTINE OCHIENG","2026-01-14","3","1373"
"BenMutua","2026-01-14","1","0"
"bill njiru","2026-01-14","4","1705"
"Brian Karani","2026-01-14","1","0"
"catherinewanjira","2026-01-14","6","1334"
"DENNIS MUSAU","2026-01-14","8","2728"
"DIANA KASYULA","2026-01-14","4","1105"
"Festus Kaluki","2026-01-14","4","1576"
"gillberto","2026-01-14","1","0"
"JANE NJUGUNA","2026-01-14","2","87"
"Jeremiah james","2026-01-14","7","1129"
"JOEL KIHURIA","2026-01-14","2","1325"
"JOOH JR","2026-01-14","4","1207"
"joyce56","2026-01-14","4","1555"
"KamauNgigi","2026-01-14","16","2784"
"kamauwaithera","2026-01-14","3","1237"
"Kelvin Kinyatta","2026-01-14","3","1255"
"Kelvin Mulela","2026-01-14","2","1287"
"liliannaliaka","2026-01-14","1","1559"
"LYNNKARANJA","2026-01-14","2","5807"
"martingitau","2026-01-14","8","3970"
"mutuku254","2026-01-14","4","1195"
"njugunamurihia","2026-01-14","3","2081"
"Oketch ochieng","2026-01-14","2","4386"
"OUMAD4VD","2026-01-14","2","0"
"Richardmuchina","2026-01-14","4","1398"
"ritah22","2026-01-14","5","1278"
"samuelmutie20","2026-01-14","3","1279"
"Selah Muema","2026-01-14","2","575"
"SomoDuba","2026-01-14","2","1358"
"Sophie Gesare","2026-01-14","2","1230"
"stephennjuguna","2026-01-14","17","1606"
"Steven Odhiambo","2026-01-14","3","5"
"Wanjiruwaithira","2026-01-14","3","1369"
"AUSTINE OCHIENG","2026-01-15","4","1400"
"BenMutua","2026-01-15","7","1691"
"bill njiru","2026-01-15","11","2131"
"Brian Karani","2026-01-15","6","2273"
"catherinewanjira","2026-01-15","6","1429"
"DENNIS MUSAU","2026-01-15","10","2986"
"DIANA KASYULA","2026-01-15","6","1090"
"gillberto","2026-01-15","7","1623"
"JANE NJUGUNA","2026-01-15","7","2293"
"Jeremiah james","2026-01-15","8","1158"
"JOEL KIHURIA","2026-01-15","2","1287"
"JOOH JR","2026-01-15","3","1442"
"joyce56","2026-01-15","3","1430"
"KamauNgigi","2026-01-15","20","3080"
"kamauwaithera","2026-01-15","4","1596"
"Kelvin Kinyatta","2026-01-15","3","1391"
"Kelvin Mulela","2026-01-15","2","1240"
"liliannaliaka","2026-01-15","1","2725"
"LYNNKARANJA","2026-01-15","13","2550"
"martingitau","2026-01-15","14","6508"
"mutuku254","2026-01-15","4","1231"
"njugunamurihia","2026-01-15","2","2429"
"Oketch ochieng","2026-01-15","10","4462"
"OUMAD4VD","2026-01-15","3","785"
"Richardmuchina","2026-01-15","7","1645"
"ritah22","2026-01-15","4","1175"
"samuelmutie20","2026-01-15","3","1263"
"Selah Muema","2026-01-15","5","1979"
"SELINA LIPUKAH","2026-01-15","9","889"
"SomoDuba","2026-01-15","5","1375"
"Sophie Gesare","2026-01-15","8","1154"
"stephennjuguna","2026-01-15","9","1548"
"Steven Odhiambo","2026-01-15","3","1761"
"Wanjiruwaithira","2026-01-15","3","1590"
"AUSTINE OCHIENG","2026-01-16","11","1258"
"BenMutua","2026-01-16","1","1788"
"Brian Karani","2026-01-16","3","1273"
"catherinewanjira","2026-01-16","4","1412"
"DENNIS MUSAU","2026-01-16","10","3188"
"DIANA KASYULA","2026-01-16","4","1140"
"Festus Kaluki","2026-01-16","2","481"
"gillberto","2026-01-16","3","1627"
"JANE NJUGUNA","2026-01-16","5","1974"
"Jeremiah james","2026-01-16","4","1318"
"JOEL KIHURIA","2026-01-16","1","1183"
"JOOH JR","2026-01-16","2","1349"
"joyce56","2026-01-16","3","1341"
"KamauNgigi","2026-01-16","26","3430"
"kamauwaithera","2026-01-16","12","1555"
"Kelvin Kinyatta","2026-01-16","2","1190"
"Kelvin Mulela","2026-01-16","2","1297"
"liliannaliaka","2026-01-16","1","216"
"LYNNKARANJA","2026-01-16","3","1755"
"martingitau","2026-01-16","10","3230"
"mutuku254","2026-01-16","4","1201"
"njugunamurihia","2026-01-16","7","1261"
"Oketch ochieng","2026-01-16","12","3478"
"OUMAD4VD","2026-01-16","5","1542"
"Richardmuchina","2026-01-16","13","1402"
"ritah22","2026-01-16","4","1154"
"samuelmutie20","2026-01-16","2","1367"
"Selah Muema","2026-01-16","3","1740"
"SELINA LIPUKAH","2026-01-16","6","1347"
"SomoDuba","2026-01-16","5","1461"
"Sophie Gesare","2026-01-16","3","1326"
"stephennjuguna","2026-01-16","19","1624"
"Steven Odhiambo","2026-01-16","4","1845"
"Wanjiruwaithira","2026-01-16","6","1562"
"AUSTINE OCHIENG","2026-01-19","3","1319"
"BenMutua","2026-01-19","7","1543"
"bill njiru","2026-01-19","4","1730"
"Brian Karani","2026-01-19","2","1456"
"catherinewanjira","2026-01-19","10","1386"
"DENNIS MUSAU","2026-01-19","8","2650"
"DIANA KASYULA","2026-01-19","5","1052"
"Festus Kaluki","2026-01-19","3","341"
"gillberto","2026-01-19","3","1949"
"JANE NJUGUNA","2026-01-19","5","2044"
"Jeremiah james","2026-01-19","3","1280"
"JOEL KIHURIA","2026-01-19","2","1129"
"joyce56","2026-01-19","4","1300"
"KamauNgigi","2026-01-19","16","3762"
"kamauwaithera","2026-01-19","8","1528"
"Kelvin Kinyatta","2026-01-19","1","1319"
"Kelvin Mulela","2026-01-19","2","1227"
"liliannaliaka","2026-01-19","2","691"
"LYNNKARANJA","2026-01-19","3","1911"
"martingitau","2026-01-19","18","2734"
"mutuku254","2026-01-19","4","1294"
"njugunamurihia","2026-01-19","6","1978"
"OUMAD4VD","2026-01-19","10","1491"
"Richardmuchina","2026-01-19","7","1545"
"ritah22","2026-01-19","3","1161"
"samuelmutie20","2026-01-19","1","914"
"Selah Muema","2026-01-19","5","1540"
"SELINA LIPUKAH","2026-01-19","9","1443"
"SomoDuba","2026-01-19","14","1195"
"Sophie Gesare","2026-01-19","3","1214"
"stephennjuguna","2026-01-19","10","1880"
"Steven Odhiambo","2026-01-19","3","1684"
"Wanjiruwaithira","2026-01-19","6","1629"
"catherinewanjira","2026-01-20","4","824"
"DENNIS MUSAU","2026-01-20","14","2602"
"DIANA KASYULA","2026-01-20","7","1016"
"Festus Kaluki","2026-01-20","1","437"
"gillberto","2026-01-20","3","1400"
"JANE NJUGUNA","2026-01-20","3","1407"
"Jeremiah james","2026-01-20","2","1326"
"JOEL KIHURIA","2026-01-20","2","1338"
"joyce56","2026-01-20","5","1252"
"KamauNgigi","2026-01-20","12","2188"
"kamauwaithera","2026-01-20","7","1043"
"Kelvin Kinyatta","2026-01-20","3","1357"
"Kelvin Mulela","2026-01-20","2","1423"
"liliannaliaka","2026-01-20","1","1082"
"LYNNKARANJA","2026-01-20","2","1271"
"martingitau","2026-01-20","2","750"
"mutuku254","2026-01-20","4","1310"
"njugunamurihia","2026-01-20","5","1101"
"Oketch ochieng","2026-01-20","12","3370"
"OUMAD4VD","2026-01-20","4","1371"
"Richardmuchina","2026-01-20","3","852"
"ritah22","2026-01-20","4","1139"
"samuelmutie20","2026-01-20","1","1362"
"Selah Muema","2026-01-20","7","1550"
"SELINA LIPUKAH","2026-01-20","5","1579"
"SomoDuba","2026-01-20","7","1003"
"Sophie Gesare","2026-01-20","5","1113"
"Steven Odhiambo","2026-01-20","2","1619"
"Wanjiruwaithira","2026-01-20","8","1568"
